intensity,frequency,patient_count,mean_cost,mean_drop_ratio
1,7,215,756.0930232558139,0.11420000000000001
1,10,30,1050.0,0.2649
1,8,24,1006.0,0.167
1,9,9,1078.0,0.2172
